rank,image_index,image_path,original_label,final_elo_score
1,90,039A45.JPG,45,1744.3261209326138
2,279,048A52.JPG,52,1621.2281599860976
3,635,082A18.JPG,18,1718.7618894320606
4,78,033A18.JPG,18,1951.5815989083694
5,313,048A46.JPG,46,1038.6903972422742
6,236,067A30.JPG,30,1522.2113222715743
7,824,061A26.JPG,26,1740.9573489359066
8,765,045A43.JPG,43,1927.6613637466617
9,419,043A17.JPG,17,1848.5539599976357
10,660,017A29.JPG,29,1662.774211822575
11,477,004A30.JPG,30,1598.9273345597896
12,752,012A25.JPG,25,1585.4098047199748
13,380,004A53.JPG,53,1960.35960018454
14,110,028A28.JPG,28,1782.1195028163552
15,301,067A33.JPG,33,1868.3480828558731
16,231,051A16.JPG,16,1929.2962462273022
17,385,030A17.JPG,17,1668.0425441595767
18,851,014A36.JPG,36,1413.6048866366132
19,372,001A40.JPG,40,1648.829055785109
20,204,050A22.JPG,22,1681.808970935581
21,649,067A28.JPG,28,1733.1067554732094
22,621,007A45.JPG,45,1833.3279584699267
23,585,025A34.JPG,34,1471.378270810185
24,573,007A26.JPG,26,1611.3283848672352
25,62,021A39.JPG,39,1637.1844544972125
26,960,017A36.JPG,36,1756.4757305241503
27,12,021A30.JPG,30,1688.0709762837878
28,155,005A61.JPG,61,1904.8099968589397
29,196,067A23.JPG,23,1914.2697502006722
30,832,003A47.JPG,47,1105.5603314998768
31,392,048A50.JPG,50,1744.2681543166468
32,922,004A19.JPG,19,1891.8850870433246
33,414,027A22.JPG,22,1730.3586182445226
34,42,013A21.JPG,21,1713.7331710748088
35,246,009A22b.JPG,22,1430.570116690013
36,43,035A23a.JPG,23,1678.4518463412396
37,3,028A46.JPG,46,1756.0559143877936
38,779,051A12.JPG,12,1703.0994335125488
39,954,018A34.JPG,34,1289.7307131721113
40,429,063A25.JPG,25,1823.9132975186974
41,736,043A27.JPG,27,1863.5056599552777
42,85,023A14.JPG,14,1929.1072217287897
43,537,021A18.JPG,18,1956.4094482100525
44,819,021A27.JPG,27,1951.8229237638602
45,586,043A15.JPG,15,1731.8459064673866
46,432,062A47.JPG,47,1595.267767233453
47,211,048A27.JPG,27,1467.8873064726986
48,217,038A21.JPG,21,1724.2456946581572
49,139,050A16.JPG,16,1853.7393293034365
50,539,008A16.JPG,16,1575.2905232814642
51,519,029A23.JPG,23,1659.3064068340395
52,140,027A20.JPG,20,1729.7484376742093
53,636,061A29.JPG,29,1916.9614060830206
54,54,021A35.JPG,35,1813.8437059711873
55,915,010A16.JPG,16,1946.220824825811
56,281,071A23.JPG,23,1592.9867642798627
57,579,041A24.JPG,24,1647.6950152476197
58,354,022A18.JPG,18,1644.88033101238
59,351,014A40.JPG,40,1884.3393032075314
60,597,062A54.JPG,54,1633.375836222965
61,160,039A52.JPG,52,1748.7438951944532
62,820,024A19.JPG,19,1888.0207146708065
63,557,044A17.JPG,17,1961.4584040266739
64,373,073A15.JPG,15,1082.0037930314459
65,463,047A55.JPG,55,1804.9008133562604
66,746,001A28.JPG,28,1668.8522386426052
67,738,046A20.JPG,20,1669.7107662210667
68,623,010A15.JPG,15,1713.715069977396
69,295,002A23.JPG,23,1886.0113487532885
70,191,045A12.JPG,12,1614.4741983169215
71,722,036A20.JPG,20,1817.6124111346849
72,953,033A25.JPG,25,1881.297043989456
73,721,025A28.JPG,28,1934.8837039076343
74,190,082A20.JPG,20,1309.4710280969634
75,360,011A34.JPG,34,1530.0371079561296
76,787,022A16.JPG,16,1770.2173076747154
77,680,022A25.JPG,25,1599.0578653126167
78,902,011A15.JPG,15,1852.5515733374189
79,600,048A15.JPG,15,1980.760529314115
80,594,029A31.JPG,31,1897.7457421090571
81,122,028A35.JPG,35,1904.417170393009
82,367,073A16.JPG,16,1906.1483871171085
83,964,042A14.JPG,14,1918.2936942208373
84,72,003A25.JPG,25,1703.4756751730472
85,726,014A22.JPG,22,1855.7446944955518
86,970,061A30.JPG,30,1948.9756724275915
87,934,032A24.JPG,24,1697.4945585335531
88,598,021A20.JPG,20,1734.1843896916034
89,979,017A17.JPG,17,1768.7042125023797
90,355,048A33.JPG,33,1634.4171662321858
91,984,017A19.JPG,19,1989.87383823766
92,329,061A32.JPG,32,1099.529506553132
93,435,028A37.JPG,37,1603.878112887931
94,947,018A29.JPG,29,1749.5791214910128
95,502,023A29.JPG,29,1137.093640196972
96,533,005A35.JPG,35,1864.5309570590764
97,670,072A41.JPG,41,1899.732465493001
98,698,005A24.JPG,24,1872.0614209318153
99,975,047A45.JPG,45,1025.056510163052
100,478,027A30.JPG,30,1794.063416995118
101,616,033A21.JPG,21,1522.1712796370207
102,15,020A22.JPG,22,1434.3160561020734
103,41,018A22.JPG,22,1763.3283544776516
104,662,003A18.JPG,18,1812.913969284552
105,7,004A63.JPG,63,1421.40087908089
106,136,072A19.JPG,19,1748.4891095300861
107,436,068A11.JPG,11,1045.1806756929218
108,780,062A35.JPG,35,1744.3966952534183
109,686,038A14.JPG,14,1411.261391005773
110,466,031A15.JPG,15,1725.0450603283964
111,810,045A19.JPG,19,1969.975178639032
112,465,044A13.JPG,13,1669.8784285126446
113,701,028A26.JPG,26,1638.4654816405643
114,147,042A18.JPG,18,1894.980698915933
115,318,030A20.JPG,20,1611.6542536270483
116,457,013A41.JPG,41,1845.4385076858393
117,310,057A25.JPG,25,1743.6215212314276
118,430,006A24.JPG,24,1860.9856368363041
119,168,065A11.JPG,11,1551.187499383054
120,531,054A17.JPG,17,1722.8075756337046
121,486,027A41.JPG,41,1831.0225068093387
122,685,041A21.JPG,21,1758.7322838128098
123,516,055A22.JPG,22,1936.030256720676
124,644,032A13.JPG,13,1916.6231195756152
125,919,045A17.JPG,17,1719.1654252462336
126,795,017A15.JPG,15,1490.1278442752337
127,321,015A14.JPG,14,1419.9322266557194
128,82,001A18.JPG,18,1613.710904876177
129,386,024A30.JPG,30,1809.0511074716364
130,603,029A22.JPG,22,1660.9751795322604
131,52,042A20.JPG,20,1625.7488076032907
132,123,016A18.JPG,18,1076.3002622674412
133,555,045A25.JPG,25,1104.0560287787614
134,530,039A16.JPG,16,1814.4169015643686
135,658,031A19.JPG,19,1727.7984549854132
136,280,052A17.JPG,17,1658.9610532863041
137,28,062A15.JPG,15,1927.6422046032287
138,536,032A35.JPG,35,1482.8883919089426
139,904,035A18.JPG,18,1825.642504873613
140,609,009A18.JPG,18,1948.2797540255829
141,991,020A20.JPG,20,1947.102732088194
142,186,062A38.JPG,38,1693.4943705858382
143,924,036A18.JPG,18,1628.5683284735949
144,962,082A21.JPG,21,1023.6918623844335
145,617,007A38.JPG,38,1630.3680223634642
146,697,054A19.JPG,19,1561.6557941501756
147,674,024A28.JPG,28,1774.0058976424716
148,673,011A17.JPG,17,1924.12812013546
149,912,055A14.JPG,14,1617.764116325555
150,764,012A36.JPG,36,1729.9279514526131
151,424,025A23.JPG,23,1776.5263170588387
152,396,020A18.JPG,18,1837.1694031021684
153,571,078A14.JPG,14,1719.7006534383404
154,877,050A18.JPG,18,1750.9030758050583
155,833,003A49.JPG,49,1654.7411226688355
156,490,049A16.JPG,16,1959.997942259453
157,81,058A17.JPG,17,1904.084657808908
158,564,072A29.JPG,29,1086.2495881950501
159,27,002A29.JPG,29,1901.958995278041
160,80,029A20.JPG,20,1400.2764013061692
161,156,007A22.JPG,22,1944.3002354034907
162,829,052A19.JPG,19,1760.2618260458933
163,655,053A15.JPG,15,1787.478334513838
164,233,003A20.JPG,20,1667.0630072272845
165,404,063A20.JPG,20,1735.7959634558192
166,158,029A16.JPG,16,1892.5503053387245
167,714,049A15.JPG,15,1695.1845904030079
168,282,076A17.JPG,17,1872.106749844221
169,932,025A22.JPG,22,1921.9587793879818
170,299,010A18.JPG,18,1854.0802404890885
171,376,039A15.JPG,15,1443.4832497656719
172,96,027A25.JPG,25,1823.2651740593762
173,291,005A45.JPG,45,1834.4141359520288
174,889,018A16.JPG,16,1675.6429708154453
175,239,052A20.JPG,20,1863.960768139135
176,647,019A18.JPG,18,1834.2851297557029
177,79,071A44.JPG,44,1716.609957418833
178,998,013A23.JPG,23,1416.7076728808438
179,338,014A42.JPG,42,1868.588757060783
180,253,055A23.JPG,23,1646.5380820096277
181,987,044A18.JPG,18,1501.8295625156468
182,243,061A19.JPG,19,1727.0283347081831
183,450,035A23b.JPG,23,1726.8212471973764
184,568,009A22a.JPG,22,1532.1484543086435
185,900,018A25.JPG,25,1789.344718575808
186,388,015A17.JPG,17,1865.0963549051326
187,113,012A21.JPG,21,1912.867349288509
188,693,028A41.JPG,41,1648.9357164160313
189,909,005A52.JPG,52,1794.7273814237242
190,316,017A32.JPG,32,1690.426255034035
191,165,061A15.JPG,15,1939.2949943742933
192,669,034A16.JPG,16,1941.1256651757324
193,513,037A17.JPG,17,1753.3056610040196
194,31,005A40.JPG,40,1637.3600802864137
195,949,003A23.JPG,23,1685.228455758677
196,294,002A36.JPG,36,1839.1369592656629
197,535,016A19.JPG,19,1959.7113072293575
198,394,020A24.JPG,24,1864.4739897597883
199,776,032A40.JPG,40,1697.643283131664
200,366,047A13.JPG,13,1887.6299442145523
201,489,036A19.JPG,19,1728.4934949193193
202,941,023A25.JPG,25,1669.1086213607207
203,61,036A17.JPG,17,1718.4006906730779
204,199,013A30.JPG,30,1853.209339720263
205,898,001A33.JPG,33,1967.647785447037
206,496,008A31.JPG,31,1744.9325788466572
207,844,048A18.JPG,18,1559.4142398679558
208,68,023A16.JPG,16,1655.9728873084944
209,793,012A30.JPG,30,1636.0398460674062
210,767,048A16.JPG,16,1840.2012450240036
211,58,021A23.JPG,23,1684.3144849424757
212,834,072A21.JPG,21,1948.4685592748995
213,606,043A19.JPG,19,1582.6042595522747
214,381,005A18.JPG,18,1739.9710591866772
215,408,030A23.JPG,23,1831.7907220203465
216,815,040A19.JPG,19,1714.531365619388
217,957,003A60.JPG,60,1732.954130898493
218,650,050A10.JPG,10,1948.361874629164
219,440,032A20.JPG,20,1745.326681558839
220,648,030A26.JPG,26,1843.335479801044
221,71,013A18.JPG,18,1677.3888488770983
222,755,062A41.JPG,41,1600.829931419659
223,515,013A44.JPG,44,1478.0983123762846
224,842,020A16.JPG,16,1641.6204029410799
225,728,016A16.JPG,16,1793.2171217321625
226,431,008A21.JPG,21,1510.4477602208815
227,624,040A10.JPG,10,1664.4564519304026
228,317,082A22.JPG,22,1840.0724396166845
229,561,001A14.JPG,14,1135.4784606019925
230,730,057A18.JPG,18,1815.5394697799343
231,487,024A18.JPG,18,1038.5426652163976
232,681,046A17.JPG,17,1969.0714312676803
233,896,003A51.JPG,51,1504.6882714260753
234,390,014A30.JPG,30,1903.0648817937968
235,928,051A24.JPG,24,1716.2626774360376
236,761,020A30.JPG,30,1784.750227110301
237,167,002A26.JPG,26,1978.1012105380025
238,97,001A19.JPG,19,1811.0618726645519
239,923,072A25.JPG,25,1054.6187453347895
240,178,024A23.JPG,23,1897.847487550996
241,777,013A19.JPG,19,1766.9307792332586
242,14,020A11.JPG,11,1759.3913553238021
243,731,067A17.JPG,17,1693.8014144171102
244,423,016A12.JPG,12,1895.4236390583042
245,343,016A14.JPG,14,1866.1581208431844
246,656,052A13.JPG,13,1858.1942242968269
247,244,007A37.JPG,37,1953.3945445333152
248,869,020A36.JPG,36,1619.1357386229763
249,185,005A31.JPG,31,1182.574234735833
250,593,003A61.JPG,61,1817.7168554844707
251,840,045A48.JPG,48,1813.9535718290003
252,884,057A16.JPG,16,1623.9261314758928
253,95,018A36.JPG,36,1731.3569372119641
254,197,048A17.JPG,17,1895.5622068351774
255,942,057A23.JPG,23,1687.5221415776248
256,174,011A40.JPG,40,1768.6861849402137
257,534,034A25.JPG,25,1766.8723596798645
258,365,063A18.JPG,18,1574.7258861886758
259,566,031A14.JPG,14,1823.8330502183137
260,40,082A31.JPG,31,1682.4956980555132
261,619,032A28.JPG,28,1831.2582599235773
262,921,008A18.JPG,18,1477.1514279122239
263,740,063A33.JPG,33,1702.1288140193292
264,117,006A69.JPG,69,1752.2690246624652
265,700,017A38.JPG,38,1749.46049319702
266,245,043A10.JPG,10,1826.2946804243322
267,892,028A34.JPG,34,1575.7786650605933
268,816,034A44.JPG,44,1723.7963153330556
269,961,017A26.JPG,26,1650.1695956305898
270,846,042A24.JPG,24,1676.330833112411
271,84,041A20.JPG,20,1459.838955347236
272,425,067A26.JPG,26,1481.1654768188046
273,480,008A17.JPG,17,1643.3756514044303
274,169,002A31.JPG,31,1661.2980832467201
275,48,026A19.JPG,19,1484.6152844173052
276,881,023A21.JPG,21,1742.7295957067076
277,203,062A30.JPG,30,1830.4357514574838
278,690,036A15.JPG,15,1726.071008534451
279,297,004A26.JPG,26,1640.108665624719
280,77,048A54.JPG,54,1985.8469052857938
281,548,034A21.JPG,21,1914.2792788896018
282,880,072A45.JPG,45,1945.8265056393707
283,913,037A18.JPG,18,1900.9979351921615
284,799,012A18.JPG,18,1674.2692915758294
285,374,044A25.JPG,25,1501.276351114707
286,413,051A18.JPG,18,1765.9569680778352
287,8,022A27.JPG,27,1644.5577322540435
288,576,082A25.JPG,25,1688.4281949552387
289,641,032A33.JPG,33,1201.0404945823975
290,709,013A16.JPG,16,1671.4328242162067
291,626,023A22.JPG,22,1753.0098351801698
292,526,012A27.JPG,27,1898.5824853710913
293,115,018A33.JPG,33,1491.870398264874
294,760,035A21.JPG,21,1563.985316162234
295,727,029A33.JPG,33,1891.2704874191554
296,328,041A19.JPG,19,1941.2338022638546
297,581,044A21.JPG,21,1834.193825967567
298,219,007A18.JPG,18,1853.1240008335742
299,443,080A14.JPG,14,1175.2417903289324
300,389,078A15.JPG,15,1900.2238912659398
301,798,019A15.JPG,15,1633.5272400049903
302,209,062A53.JPG,53,1969.305511050332
303,227,009A13.JPG,13,1511.8313206224266
304,986,052A18.JPG,18,1652.321606662945
305,195,017A22.JPG,22,1829.178513396255
306,814,064A19.JPG,19,1755.3765714322267
307,914,004A40.JPG,40,1637.9138294020718
308,151,051A14.JPG,14,1640.875562295819
309,843,061A25.JPG,25,1702.535564420662
310,382,002A38.JPG,38,1662.1447766095987
311,479,038A23.JPG,23,1923.584561395965
312,416,003A38.JPG,38,1636.1903052684368
313,560,025A39.JPG,39,1685.4085674022297
314,905,023A18.JPG,18,1979.9648763724613
315,948,052A16.JPG,16,1802.3372604188455
316,172,024A17.JPG,17,1595.254304797563
317,175,003A58.JPG,58,1893.4640437372798
318,453,028A18.JPG,18,1874.7591899334413
319,296,065A12.JPG,12,1923.9740323396868
320,21,005A30.JPG,30,1101.8573807257062
321,818,047A18.JPG,18,1784.0132173817876
322,748,015A15.JPG,15,1918.5144804023432
323,978,004A62.JPG,62,1685.6768289573895
324,532,015A19.JPG,19,1743.7707176783438
325,468,018A28.JPG,28,1510.0680167566534
326,214,034A35.JPG,35,1666.6396800543007
327,260,033A30.JPG,30,1074.2749807644145
328,120,040A21.JPG,21,1431.231386480172
329,276,005A48.JPG,48,1844.1365448944935
330,821,054A18.JPG,18,1932.926756518419
331,417,001A43a.JPG,43,1615.7192570625878
332,304,067A14.JPG,14,1691.9092899888278
333,361,030A16.JPG,16,1637.8063001253454
334,806,051A17.JPG,17,1447.0893929539993
335,384,001A22.JPG,22,1692.9705584084727
336,265,024A25.JPG,25,1655.6462742661322
337,138,007A39.JPG,39,1695.1025772101825
338,345,012A26.JPG,26,1663.7313711082504
339,713,016A17.JPG,17,1897.4223607233284
340,39,047A11.JPG,11,1520.3249215669357
341,258,017A42.JPG,42,1725.5970133352057
342,171,067A21.JPG,21,1751.701530115205
343,426,045A40.JPG,40,1659.2170012487884
344,911,082A27.JPG,27,1867.4258553204556
345,916,003A35.JPG,35,1699.8022027825461
346,699,005A49.JPG,49,1824.582340263069
347,456,012A34.JPG,34,1715.9351142736214
348,849,004A51.JPG,51,1668.2519659296422
349,438,071A22.JPG,22,1737.2878313891476
350,249,051A15.JPG,15,1729.9701053500523
351,70,043A23.JPG,23,1762.0607997146697
352,883,072A34.JPG,34,1944.647604280487
353,631,019A12.JPG,12,1790.9399181870133
354,716,001A16.JPG,16,1166.7268905084723
355,439,046A18.JPG,18,1944.7816982379948
356,229,045A18.JPG,18,1933.480851315777
357,454,060A20.JPG,20,1794.4446021812967
358,494,062A45.JPG,45,1660.6432156825704
359,854,013A25.JPG,25,1611.4804358705633
360,859,035A16.JPG,16,1637.8224336389496
361,133,072A27.JPG,27,1938.7027521175096
362,250,067A39.JPG,39,1829.1185653504815
363,523,048A49.JPG,49,1426.861075166951
364,53,047A12.JPG,12,1752.234255276578
365,596,002A21.JPG,21,1744.1410694861638
366,103,022A23.JPG,23,1863.6481528444663
367,866,044A15.JPG,15,1888.8060486348982
368,639,034A39.JPG,39,1936.0262572101158
369,237,012A14.JPG,14,1742.720688088907
370,498,063A22.JPG,22,1638.3949633876825
371,499,001A43b.JPG,43,1055.04182937036
372,792,007A23.JPG,23,1677.8513292615435
373,128,038A34.JPG,34,1968.4809537829788
374,415,050A14.JPG,14,1943.9667367147376
375,387,021A16.JPG,16,1849.3063785192098
376,817,057A17.JPG,17,1749.7262721389498
377,64,004A21.JPG,21,1899.979092138631
378,642,034A18.JPG,18,1749.628901635692
379,652,030A18.JPG,18,1046.5881881728158
380,446,068A13.JPG,13,1647.0894134875025
381,314,040A14.JPG,14,1970.6485167521507
382,605,038A17.JPG,17,1883.5395661535872
383,651,013A34.JPG,34,1836.9000884753136
384,504,082A16.JPG,16,1474.7265390940497
385,737,068A14.JPG,14,1826.775413134042
386,894,031A16.JPG,16,1968.9648354699184
387,188,024A07.JPG,7,1917.275108160243
388,784,022A14.JPG,14,1805.7688163929768
389,804,034A11.JPG,11,1895.088157064226
390,356,077A09.JPG,9,1842.4061310900345
391,775,075A08.JPG,8,1873.0232932834067
392,99,039A13.JPG,13,1617.9241157699287
393,224,039A17.JPG,17,1957.4926925117493
394,449,075A11.JPG,11,1502.968832164287
395,715,041A09.JPG,9,1890.1520857828345
396,734,032A15.JPG,15,1702.0793859615337
397,352,048A10.JPG,10,1907.791360251144
398,977,047A27.JPG,27,1633.499096061793
399,959,037A19.JPG,19,1672.8797270796508
400,184,035A12.JPG,12,1645.1306043234274
401,162,018A18.JPG,18,1124.7051355652093
402,878,002A18.JPG,18,1766.2271148793714
403,565,029A10.JPG,10,1628.7399458675325
404,235,052A07.JPG,7,1714.0603454656602
405,320,060A17.JPG,17,1902.425444992644
406,908,061A18.JPG,18,1720.6960050528219
407,625,049A17.JPG,17,1721.9863951405232
408,13,009A16b.JPG,16,1722.5279938970093
409,550,077A07.JPG,7,1883.144583293792
410,665,058A13.JPG,13,1675.2097978204815
411,852,059A14.JPG,14,1031.6996104862783
412,739,018A11.JPG,11,1761.2114840407748
413,514,042A10.JPG,10,1628.8376376107362
414,150,054A12.JPG,12,1848.685817629166
415,146,069A10.JPG,10,1956.658062828679
416,822,040A12.JPG,12,1806.9325581456746
417,608,024A05.JPG,5,1835.8145245477804
418,837,076A13.JPG,13,1829.4952455431712
419,422,037A09.JPG,9,1144.1717008259739
420,448,080A06.JPG,6,1977.4585433168554
421,672,041A04.JPG,4,1692.5412062749342
422,601,046A10.JPG,10,1150.46114770007
423,75,070A12.JPG,12,1771.602709748746
424,484,056A04.JPG,4,1868.025319716564
425,628,014A12.JPG,12,1909.7883908167453
426,886,008A06.JPG,6,1855.7136444725588
427,88,066A09.JPG,9,1822.6468642716343
428,255,002A15.JPG,15,1605.5066633232157
429,867,078A09.JPG,9,1581.0109542876428
430,879,054A09.JPG,9,1949.8515286488232
431,240,053A04.JPG,4,1922.6288093662565
432,256,081A06.JPG,6,1875.8852259366847
433,401,014A16.JPG,16,1948.5542233241918
434,434,028A14.JPG,14,1175.0851001732508
435,285,079A04.JPG,4,1766.18837184661
436,850,072A14.JPG,14,1932.8029135996028
437,805,074A12.JPG,12,1927.3063979097233
438,102,013A08.JPG,8,1642.864862166787
439,538,066A10.JPG,10,1820.3480902269177
440,955,029A04.JPG,4,1815.8941934059767
441,704,035A08.JPG,8,1881.9414954942067
442,595,002A16.JPG,16,1724.22336989468
443,350,070A14.JPG,14,1690.581690894608
444,411,081A07.JPG,7,1843.190209944687
445,161,015A10.JPG,10,1707.6692285510792
446,906,076A08.JPG,8,1662.2858609817333
447,828,035A05.JPG,5,1802.7892828352021
448,482,023A05.JPG,5,1641.5175330793218
449,241,060A10.JPG,10,1770.9125345490731
450,985,059A07.JPG,7,1792.6529842513576
451,121,065A10.JPG,10,1895.387313589769
452,610,064A10.JPG,10,1114.9470856171467
453,643,055A05.JPG,5,1713.83726510869
454,25,072A17.JPG,17,1834.2201834046484
455,36,046A14.JPG,14,1815.221069166257
456,462,064A15.JPG,15,1735.638999227491
457,995,053A11.JPG,11,1820.7719529143294
458,717,058A02.JPG,2,1923.8518233095838
459,982,009A09.JPG,9,1709.5802201386696
460,724,065A02b.JPG,2,1630.6915367618844
461,305,028A16.JPG,16,1447.9949928594476
462,756,076A12.JPG,12,1468.900203903313
463,899,002A03.JPG,3,1756.0172937242535
464,192,058A15.JPG,15,1943.9083583594277
465,290,068A03.JPG,3,1663.5557723602158
466,778,070A06.JPG,6,1924.8091774090299
467,645,002A20.JPG,20,1925.8205585420803
468,263,058A05.JPG,5,1702.4645260098189
469,363,073A13.JPG,13,1831.8871468929447
470,341,053A12.JPG,12,1636.869329059975
471,153,074A15.JPG,15,1547.882717390652
472,375,021A05.JPG,5,1681.7024351326058
473,377,068A10b.JPG,10,1568.6033629223052
474,93,052A10.JPG,10,1698.1182671870524
475,264,077A12.JPG,12,1532.8270082321988
476,926,021A06.JPG,6,1152.2595343763826
477,60,026A11.JPG,11,1066.795107238549
478,105,082A03.JPG,3,1973.4113030405324
479,946,008A13.JPG,13,1929.5706707449144
480,218,050A03.JPG,3,1836.094776105887
481,205,070A03.JPG,3,1854.127959840747
482,107,015A07.JPG,7,1739.8384945206528
483,0,011A14.JPG,14,1759.7133202695259
484,30,024A10.JPG,10,1450.4326038531744
485,910,071A10.JPG,10,1769.3524411699418
486,364,065A07b.JPG,7,1663.6890648723129
487,323,080A05.JPG,5,1921.3845558100868
488,116,080A12.JPG,12,1873.7738805467366
489,729,069A11.JPG,11,1655.0055555094673
490,275,079A11.JPG,11,1888.6278550502677
491,368,077A10.JPG,10,1906.372623104216
492,831,053A10.JPG,10,1729.7669353572658
493,907,069A02.JPG,2,1577.7129860036016
494,973,037A02.JPG,2,1739.624936213859
495,763,065A09.JPG,9,1814.896926570683
496,6,025A12.JPG,12,1170.9730289127074
497,213,068A12.JPG,12,1886.6140464299272
498,481,030A05.JPG,5,1726.3969948047597
499,493,062A16.JPG,16,1811.0513555960667
500,967,062A03.JPG,3,1810.5847907891111
501,554,029A13.JPG,13,1466.4815316092788
502,945,079A12.JPG,12,1471.8414996688705
503,348,042A08.JPG,8,1931.5318746241494
504,753,053A13.JPG,13,1703.3625089613877
505,164,022A11.JPG,11,1797.2995313509414
506,455,046A16.JPG,16,1703.285679988392
507,770,060A07.JPG,7,1726.6319204515896
508,706,073A08.JPG,8,1671.128763388084
509,933,039A11.JPG,11,1704.9353922124417
510,87,078A08.JPG,8,1645.6142286844463
511,675,076A07.JPG,7,1682.8182733935964
512,630,078A13.JPG,13,1048.661511208599
513,20,069A04.JPG,4,1708.973052106523
514,216,014A18.JPG,18,1891.9614819097244
515,633,027A11.JPG,11,1776.9232427807121
516,917,070A02.JPG,2,1877.9524645869492
517,44,048A11.JPG,11,1919.3472198568306
518,252,044A07.JPG,7,1608.059814143754
519,32,038A04.JPG,4,1609.564991113451
520,349,008A12.JPG,12,1947.1713773681986
521,149,061A07.JPG,7,1450.8454262078194
522,634,026A18.JPG,18,1477.4873637665398
523,563,078A06.JPG,6,1729.8297578945255
524,522,012A04.JPG,4,1813.9381787390957
525,491,039A05.JPG,5,1669.0930593512765
526,51,058A10.JPG,10,1726.2099206901275
527,808,038A13.JPG,13,1845.8528885947587
528,950,039A02.JPG,2,1643.3464983438423
529,790,073A14.JPG,14,1475.812488357881
530,873,056A12.JPG,12,1454.8645456295515
531,559,069A07.JPG,7,1916.0446746087928
532,930,051A08.JPG,8,1921.854612133766
533,200,051A05.JPG,5,1832.1818618490413
534,863,076A04.JPG,4,1931.362282076237
535,134,023A09.JPG,9,1863.7866943545673
536,558,066A11.JPG,11,1890.9038625999174
537,929,017A12.JPG,12,1913.8896916558108
538,567,054A02.JPG,2,1948.9671652609773
539,181,054A11.JPG,11,1763.26294196401
540,664,054A10.JPG,10,1948.1533927629805
541,182,080A08.JPG,8,1076.1744378837252
542,661,046A12.JPG,12,1694.7992906479983
543,506,076A10.JPG,10,1640.572730216357
544,497,017A05.JPG,5,1664.6743760848508
545,525,079A13.JPG,13,1671.3998948882993
546,277,076A15.JPG,15,1639.4306782725134
547,676,040A09.JPG,9,1632.5418799718034
548,340,033A05.JPG,5,1686.1468558871297
549,109,077A06.JPG,6,1851.1219503726477
550,552,061A17.JPG,17,1722.7150663438958
551,47,025A03.JPG,3,1781.5441489741595
552,441,078A11.JPG,11,1076.8112423395742
553,657,001A08.JPG,8,1724.6604181300686
554,267,065A03b.JPG,3,1088.1692189342468
555,119,066A03.JPG,3,1738.9865984897378
556,549,074A08.JPG,8,1916.4494164621824
557,407,040A06.JPG,6,1433.5565629132004
558,406,075A06.JPG,6,1944.0102224459265
559,743,066A08.JPG,8,1727.5672631612672
560,614,056A15.JPG,15,1728.7394464211504
561,405,027A18.JPG,18,1835.6884594642172
562,152,026A07.JPG,7,1874.5431414740415
563,773,070A07.JPG,7,1133.174158946378
564,124,025A18.JPG,18,1729.8469460070037
565,1001,077A14.JPG,14,1905.3600322889909
566,2,080A13.JPG,13,1786.5917600618313
567,853,065A08.JPG,8,1863.5766740348006
568,202,045A03.JPG,3,1727.1062521225065
569,607,058A06.JPG,6,1895.3672664677135
570,823,042A04.JPG,4,1506.737579010071
571,176,081A10.JPG,10,1685.058365135025
572,234,046A04.JPG,4,1907.3182084143104
573,346,010A07b.JPG,7,1633.2811014488218
574,215,019A07.JPG,7,1961.525746504126
575,403,076A16.JPG,16,1484.1235860417617
576,452,016A03.JPG,3,1701.8298420451429
577,33,066A07.JPG,7,1847.8176685005342
578,67,074A13.JPG,13,1632.1998860923793
579,640,034A30.JPG,30,1167.240854071257
580,711,055A06.JPG,6,1945.5594918584857
581,458,022A07.JPG,7,1695.4601545715807
582,512,077A15.JPG,15,1843.7291990799263
583,800,026A06.JPG,6,1431.8499329456724
584,444,049A08.JPG,8,1632.0313309379476
585,720,077A16.JPG,16,1554.7772102329727
586,732,032A10.JPG,10,1963.0789215664045
587,667,037A13.JPG,13,1948.7699937010914
588,981,072A13.JPG,13,1699.450178452983
589,718,011A13.JPG,13,1056.5966968971227
590,508,008A08.JPG,8,1559.1345806740114
591,997,039A35.JPG,35,1690.117857668288
592,671,010A10.JPG,10,1661.0499483033402
593,811,026A13.JPG,13,1061.2296914259223
594,841,015A12.JPG,12,1865.017812867877
595,83,077A04.JPG,4,1936.2925556570144
596,503,001A02.JPG,2,1762.5137150193789
597,988,077A13.JPG,13,1813.8230123550313
598,505,046A06.JPG,6,1944.4878913484777
599,37,049A12.JPG,12,1933.719090052882
600,308,059A02b.JPG,2,1563.6759636408408
601,467,081A05.JPG,5,1936.6909716094754
602,262,044A01.JPG,1,1770.501510901845
603,395,060A05.JPG,5,1524.2144242276854
604,575,038A11.JPG,11,1917.1462511303123
605,794,031A04.JPG,4,1507.746552840178
606,344,078A04.JPG,4,1798.971676306768
607,864,074A10.JPG,10,1883.9428476366604
608,689,015A03.JPG,3,1717.2970129044095
609,587,075A03.JPG,3,1772.445828760457
610,838,009A16a.JPG,16,1913.5692903533195
611,935,025A07.JPG,7,1758.409384076347
612,966,038A05.JPG,5,1500.015162831026
613,754,064A04.JPG,4,1067.9310349530274
614,783,063A09.JPG,9,1049.9138057082203
615,473,040A16.JPG,16,1720.8004479059273
616,944,063A08.JPG,8,1645.8579216055507
617,198,054A13.JPG,13,1929.4210092181004
618,86,038A10.JPG,10,1912.2093670257245
619,638,053A06.JPG,6,1544.6081566600783
620,771,078A12.JPG,12,1862.6662749175944
621,580,016A10.JPG,10,1454.4570502315555
622,166,011A05.JPG,5,1965.2339110298938
623,336,027A13.JPG,13,1418.3403801846398
624,541,009A11.JPG,11,1942.2654594518608
625,242,015A09.JPG,9,1875.2845843463733
626,141,076A09.JPG,9,1782.7943325202205
627,943,042A12.JPG,12,1846.5913500713345
628,334,026A15.JPG,15,1477.6091694417833
629,420,068A10a.JPG,10,1769.1753639313192
630,331,036A11.JPG,11,1630.9955915001067
631,972,079A09.JPG,9,1733.667484898689
632,903,025A19.JPG,19,1816.618824794359
633,442,066A06b.JPG,6,1116.5298040244766
634,189,047A05.JPG,5,1732.8907366512583
635,590,037A04.JPG,4,1729.8819702296692
636,695,045A06.JPG,6,1981.4771237145735
637,663,044A03.JPG,3,1946.8393195230908
638,668,065A04.JPG,4,1568.069616534052
639,287,060A02.JPG,2,1697.2733673720065
640,26,035A07.JPG,7,1812.1209514410764
641,254,017A07.JPG,7,1713.3476505948233
642,781,065A06b.JPG,6,1847.3460238667567
643,882,057A07.JPG,7,1804.855598001317
644,920,079A05.JPG,5,1757.4895132622337
645,547,040A07.JPG,7,1919.2392410289767
646,322,015A04.JPG,4,1752.8496760735206
647,785,072A07.JPG,7,1671.7857671420886
648,312,072A11.JPG,11,1897.819475589042
649,194,049A06.JPG,6,1881.5300102555163
650,570,020A13.JPG,13,1966.6080990391038
651,749,077A03.JPG,3,1881.956842476277
652,971,065A03a.JPG,3,1798.6166273547094
653,210,069A09.JPG,9,1804.068951423697
654,809,075A10.JPG,10,1650.381722558806
655,510,080A07.JPG,7,1630.3338477377672
656,259,033A14.JPG,14,1903.294856102004
657,835,075A07.JPG,7,1866.2035618485443
658,19,073A04.JPG,4,1724.1099434198688
659,471,050A06.JPG,6,1914.5998511512132
660,1000,014A14.JPG,14,1660.437264953332
661,768,057A06.JPG,6,1975.2654499735806
662,992,044A05.JPG,5,1726.7457731234429
663,35,016A04.JPG,4,1928.4732568774045
664,684,074A04.JPG,4,1688.6399897395875
665,757,032A08.JPG,8,1726.8990324752094
666,371,036A13.JPG,13,1779.6101138877818
667,938,057A12.JPG,12,1652.6206715824862
668,688,076A06.JPG,6,1705.9994160950089
669,220,074A14.JPG,14,1688.4405150130294
670,791,031A11.JPG,11,1892.509903318332
671,269,065A06a.JPG,6,1930.7548860892812
672,173,073A09.JPG,9,1704.0687929307342
673,409,076A03.JPG,3,1770.9053609603575
674,283,037A11.JPG,11,1910.4186818202752
675,708,058A03.JPG,3,1911.3656766294357
676,398,065A13.JPG,13,1733.897934583299
677,646,070A08.JPG,8,1725.6203340631853
678,891,077A11.JPG,11,1552.8062533772643
679,289,053A02.JPG,2,1577.8196270228598
680,544,060A12.JPG,12,1517.139762343646
681,507,081A04.JPG,4,1937.6981071214338
682,111,059A12.JPG,12,1873.2005000464003
683,66,076A14.JPG,14,1644.4393999774268
684,839,001A05.JPG,5,1510.2093400028787
685,201,075A05.JPG,5,1678.3996470006023
686,524,034A15.JPG,15,1919.9914951094174
687,65,045A08.JPG,8,1926.7780350703983
688,347,002A04.JPG,4,1484.1489900181
689,16,068A04.JPG,4,1677.5859192053376
690,968,073A11.JPG,11,1699.5762222714145
691,163,080A09.JPG,9,1853.1269641115584
692,801,060A11.JPG,11,1136.9250257163294
693,325,055A08.JPG,8,1660.2602368343867
694,813,040A03a.JPG,3,1894.1105139622257
695,543,002A05.JPG,5,1156.547394172301
696,226,035A09.JPG,9,1689.550702661316
697,337,060A08.JPG,8,1428.0562233298813
698,485,010A07a.JPG,7,1911.8885256627102
699,464,057A05.JPG,5,1930.4500680003036
700,861,001A10.JPG,10,1820.9964037982854
701,875,049A07.JPG,7,1859.324203233837
702,9,034A13.JPG,13,1924.3120673982323
703,888,025A15.JPG,15,1574.0717819988774
704,445,042A06.JPG,6,1094.2377844757455
705,309,012A12.JPG,12,1762.7669510639448
706,273,047A15.JPG,15,1450.2327281596504
707,591,010A12.JPG,12,1734.742644721001
708,129,078A10.JPG,10,1521.9873510072189
709,887,037A08.JPG,8,1673.788837962224
710,357,016A08.JPG,8,1846.944459894131
711,659,076A11.JPG,11,1096.5808058836703
712,692,036A06.JPG,6,1710.9794611211098
713,50,053A08.JPG,8,1091.2327729360204
714,342,019A05.JPG,5,1824.1510724125162
715,135,029A11.JPG,11,1901.5410336469388
716,847,010A09.JPG,9,1791.892559908235
717,925,020A04.JPG,4,1816.332839445999
718,940,036A03.JPG,3,1755.8455826918082
719,207,047A06.JPG,6,1705.5368394765978
720,335,069A13.JPG,13,1609.5540400454106
721,488,028A20.JPG,20,1706.6250842095344
722,976,031A06.JPG,6,1939.354903807934
723,154,060A04.JPG,4,1939.7695651045142
724,666,049A10.JPG,10,1630.2068508520501
725,303,081A11.JPG,11,1755.5719687142307
726,994,055A12.JPG,12,1575.9690049779142
727,653,060A19.JPG,19,1934.0418992343632
728,268,018A06.JPG,6,1844.2704456005652
729,802,079A08.JPG,8,1876.1063798973441
730,862,026A17.JPG,17,1742.8672908086269
731,733,077A08.JPG,8,1874.5311392693466
732,187,031A09.JPG,9,1868.161643381081
733,18,078A02.JPG,2,1706.2045106660714
734,56,080A04.JPG,4,1649.0350003132457
735,379,016A07.JPG,7,1791.5135607670325
736,179,027A16.JPG,16,1442.7633628216631
737,615,056A06.JPG,6,1949.1072172591473
738,897,074A06.JPG,6,1797.058654200302
739,509,069A03.JPG,3,1943.4650082423925
740,789,023A07.JPG,7,1778.3754955840548
741,399,016A05.JPG,5,1861.0384475809994
742,57,032A06.JPG,6,1057.831357136823
743,286,073A06.JPG,6,1468.8795532350393
744,682,002A12.JPG,12,1720.813277723445
745,751,074A03.JPG,3,1625.443813896458
746,272,037A06.JPG,6,1458.321503458326
747,527,060A06.JPG,6,1943.6350778058043
748,437,079A07.JPG,7,1580.6664244072017
749,918,031A07.JPG,7,1832.8176413972187
750,958,041A06.JPG,6,1684.5158212603703
751,848,066A04.JPG,4,1166.5815667841107
752,223,073A07.JPG,7,1643.92989117106
753,447,062A18.JPG,18,1972.0540847772731
754,307,039A10.JPG,10,1736.6760228169383
755,542,079A06.JPG,6,1698.5472647004603
756,278,068A09.JPG,9,1879.8599987318685
757,901,036A08.JPG,8,1754.6391035398215
758,545,080A10.JPG,10,1678.1881145186048
759,112,040A05.JPG,5,1173.3865607911678
760,369,035A14.JPG,14,1606.6695641359233
761,306,061A10.JPG,10,1845.4198591773902
762,359,047A09.JPG,9,1872.3876737214093
763,332,010A06.JPG,6,1029.163741440342
764,193,054A16.JPG,16,1741.2823529019922
765,952,020A08.JPG,8,1909.8290732570565
766,24,033A10.JPG,10,1977.8076379289528
767,469,074A11.JPG,11,1628.4267805798854
768,311,081A12.JPG,12,1884.6080626962203
769,208,052A04.JPG,4,1679.9066621485722
770,89,043A13.JPG,13,1452.2381795318834
771,300,078A03.JPG,3,1735.0911910451819
772,397,076A05.JPG,5,1695.4762505477727
773,59,058A01.JPG,1,1138.5685389780394
774,874,059A16.JPG,16,1719.5828677196541
775,572,070A05.JPG,5,1483.5965821796287
776,546,031A12.JPG,12,1794.1257526099048
777,936,042A05.JPG,5,1889.123370623371
778,577,061A04.JPG,4,1868.458995006204
779,583,009A14.JPG,14,1752.9980389317955
780,629,021A03.JPG,3,1951.5404539304564
781,459,048A09.JPG,9,1926.8029486278206
782,144,021A11.JPG,11,1686.5463749401413
783,654,054A06.JPG,6,1430.8647628649187
784,723,078A05.JPG,5,1698.252457700273
785,871,015A05.JPG,5,1794.701378985441
786,412,073A12.JPG,12,1685.4851645371575
787,402,011A11.JPG,11,1531.2370966716846
788,142,069A05.JPG,5,1938.1802433873995
789,766,070A09.JPG,9,1628.1842767916248
790,788,073A05.JPG,5,1645.5534685835294
791,927,069A06.JPG,6,1729.00445414022
792,130,067A04.JPG,4,1676.7795052735726
793,956,078A07.JPG,7,1810.1474496363414
794,744,030A07.JPG,7,1885.9773257150052
795,803,010A05.JPG,5,1700.1427637522313
796,251,038A08.JPG,8,1918.6879679174056
797,1,030A10.JPG,10,1568.4169125547237
798,963,012A07.JPG,7,1456.327257001267
799,247,011A07.JPG,7,1840.545553147209
800,391,081A03.JPG,3,1849.8592177487672
801,148,077A02.JPG,2,1707.9430707538845
802,937,053A03.JPG,3,1666.6531333561882
803,330,046A08.JPG,8,1650.100299988308
804,69,074A09.JPG,9,1624.7502987916155
805,127,010A04.JPG,4,1794.568520557191
806,114,034A04.JPG,4,1764.8738696916819
807,358,074A07.JPG,7,1828.406902979793
808,23,031A03.JPG,3,1538.3331358490925
809,868,079A03.JPG,3,1729.4375349872644
810,830,054A04.JPG,4,1683.7844519243995
811,518,041A13.JPG,13,1925.5770261311984
812,719,074A05.JPG,5,1704.0512739592368
813,993,020A02.JPG,2,1531.1498551345492
814,517,079A10.JPG,10,1665.6813599186512
815,845,002A07.JPG,7,1837.8747288314205
816,759,056A10.JPG,10,1882.188951904016
817,965,065A07a.JPG,7,1856.0917062312867
818,427,036A05.JPG,5,1805.102166357051
819,92,043A03.JPG,3,1832.8563989664433
820,990,055A04.JPG,4,1948.9348369069382
821,221,079A02.JPG,2,1944.2846235313652
822,76,066A06a.JPG,6,1830.3759987171172
823,10,061A06.JPG,6,1773.300318349272
824,45,081A08.JPG,8,1716.8488875376793
825,315,037A01.JPG,1,1977.9565652514093
826,55,071A24.JPG,24,1482.6928537709655
827,11,038A03.JPG,3,1018.4890975933347
828,212,081A02.JPG,2,1415.7176487971788
829,428,071A43.JPG,43,1760.0541137483908
830,747,074A02.JPG,2,1903.9194638268916
831,678,076A02.JPG,2,1609.6875084827036
832,492,006A55.JPG,55,1742.0984674906979
833,983,040A02.JPG,2,1958.2485677004
834,725,082A23.JPG,23,1906.4026194409892
835,266,033A39.JPG,39,1884.113216624069
836,49,022A26.JPG,26,1682.3444605647107
837,836,006A36.JPG,36,1574.7642624209725
838,257,004A37.JPG,37,1771.7967669806067
839,702,011A27.JPG,27,1699.3501001061773
840,472,038A01.JPG,1,1669.4913931046756
841,796,011A20.JPG,20,1864.886171316218
842,637,058A04.JPG,4,1703.6794637718301
843,996,012A24.JPG,24,1876.271174361411
844,293,035A03.JPG,3,1837.0293752544642
845,599,064A03.JPG,3,1886.0922272759199
846,145,074A01.JPG,1,1607.8087019997417
847,980,029A29.JPG,29,1855.7794233325874
848,206,008A30.JPG,30,1658.5457452163944
849,589,073A03.JPG,3,1641.6564451873232
850,584,049A05.JPG,5,1820.4335914764663
851,677,080A03.JPG,3,1765.669619373292
852,118,071A42.JPG,42,1968.7350952030843
853,974,008A29.JPG,29,1779.0175289835727
854,470,009A05.JPG,5,1718.4288833198207
855,893,059A06.JPG,6,1814.5385861657448
856,618,019A30.JPG,30,1108.643215345114
857,807,026A02.JPG,2,1031.3913427254483
858,474,042A01.JPG,1,1162.2712987289449
859,183,078A01.JPG,1,1510.7529469238832
860,786,043A05.JPG,5,1814.4275758087647
861,812,048A30.JPG,30,1102.1851020055833
862,999,006A40.JPG,40,1663.3968911075908
863,74,071A40.JPG,40,1649.8370559753184
864,602,059A03.JPG,3,1727.9217253355316
865,876,053A18.JPG,18,1699.5853579148957
866,5,066A02b.JPG,2,1102.774913353272
867,100,006A31.JPG,31,1812.8475667497876
868,707,053A01.JPG,1,1768.2551464166372
869,339,006A46.JPG,46,1610.6990375773612
870,679,006A51.JPG,51,1865.3008303293154
871,969,033A35.JPG,35,1103.5604877078356
872,302,020A26.JPG,26,1630.1600519931926
873,858,019A23.JPG,23,1483.9315153337404
874,225,006A42.JPG,42,1728.7585561960457
875,683,051A02.JPG,2,1633.3410659478075
876,324,075A02.JPG,2,1662.8841247846449
877,604,046A02.JPG,2,1523.8155761859894
878,569,063A02.JPG,2,1907.2940192557191
879,232,047A20.JPG,20,1786.8335731583516
880,393,036A00.JPG,0,1767.2683087446737
881,180,030A04.JPG,4,1850.750236324883
882,284,011A30.JPG,30,1853.2572956525926
883,611,079A01.JPG,1,1686.3692016427897
884,292,045A28.JPG,28,1817.4940682942695
885,885,008A41.JPG,41,1864.6349598371082
886,125,047A23.JPG,23,1490.1948819283543
887,951,027A36.JPG,36,1768.9568747122103
888,274,019A27.JPG,27,1660.7267640748953
889,687,012A23.JPG,23,1662.7065956367728
890,574,016A01.JPG,1,1898.2990575125446
891,872,043A04.JPG,4,1184.654947719567
892,774,007A01.JPG,1,1671.7065232595655
893,137,040A03b.JPG,3,1857.2782238169234
894,825,023A03.JPG,3,1547.4017311806817
895,271,080A02.JPG,2,1795.886511112294
896,222,001A29.JPG,29,1428.5843359580713
897,627,071A45.JPG,45,1873.033400666219
898,521,081A01.JPG,1,1645.826242617841
899,989,012A32.JPG,32,1887.2360987275135
900,261,056A03.JPG,3,1753.9062053765047
901,528,052A02.JPG,2,1895.2224667999446
902,383,068A00.JPG,0,1639.4536456938367
903,501,008A33.JPG,33,1937.589128034961
904,22,039A50.JPG,50,1691.0371519572543
905,461,045A32.JPG,32,1913.740351374779
906,742,029A05.JPG,5,1835.5959375205691
907,46,022A20.JPG,20,1760.16916742399
908,500,059A04.JPG,4,1741.7073618808954
909,270,006A28.JPG,28,1783.2784264166078
910,745,036A01.JPG,1,1893.8128777170384
911,797,047A33.JPG,33,1744.2526734294308
912,529,041A02.JPG,2,1822.4917790825177
913,620,049A04.JPG,4,1909.8607250869075
914,769,073A02.JPG,2,1850.0487667116126
915,520,022A30.JPG,30,1837.591433190992
916,483,056A02.JPG,2,1945.9306353994975
917,705,073A01.JPG,1,1821.5589172864568
918,460,054A00.JPG,0,1732.2544014236753
919,333,065A02a.JPG,2,1642.8492918852662
920,170,071A18.JPG,18,1918.8126443661251
921,735,022A28.JPG,28,1686.2247361398192
922,101,063A04.JPG,4,1861.5193019662681
923,556,041A00.JPG,0,1956.8903603056306
924,582,011A42.JPG,42,1869.4389320385847
925,327,071A35.JPG,35,1912.7796425897404
926,782,009A03.JPG,3,1658.4459538240897
927,34,071A27.JPG,27,1749.3076892068177
928,895,031A02.JPG,2,1627.1376873552967
929,696,006A67.JPG,67,1872.5150682758076
930,362,004A48.JPG,48,1727.562009164033
931,104,066A02a.JPG,2,1728.6769563505836
932,126,042A28.JPG,28,1151.3468399265357
933,622,008A35.JPG,35,1900.252464414458
934,177,004A28.JPG,28,1734.4387883496333
935,827,032A18.JPG,18,1933.8386365212841
936,17,033A44.JPG,44,1699.0029891810145
937,108,006A61.JPG,61,1632.4864623832343
938,159,052A14.JPG,14,1617.1119264583883
939,73,027A02.JPG,2,1677.5924320249403
940,38,039A07.JPG,7,1108.00263563405
941,288,072A02.JPG,2,1656.095757505664
942,890,009A01.JPG,1,1888.1505254613699
943,248,015A01.JPG,1,1864.2944546340298
944,298,073A00.JPG,0,1693.1304912246376
945,433,063A00.JPG,0,1697.826532984541
946,758,031A00.JPG,0,1738.4883610397176
947,495,075A01.JPG,1,1747.764006467604
948,578,019A00.JPG,0,1932.147075233715
949,353,058A00.JPG,0,1835.251732741284
950,750,034A02.JPG,2,1891.3868694320338
951,857,030A00.JPG,0,1729.2505845251294
952,694,081A00.JPG,0,1487.9427619160863
953,475,022A00.JPG,0,1637.3033712559727
954,931,057A00.JPG,0,1939.4771753798489
955,421,010A01.JPG,1,1951.1865044449207
956,418,033A02.JPG,2,1762.8222632690242
957,772,043A00.JPG,0,1625.5366315327512
958,94,076A00.JPG,0,1882.0528977272024
959,691,059A02a.JPG,2,1642.2918936799292
960,228,074A00.JPG,0,1789.753567830004
961,562,023A00.JPG,0,1960.9606576267088
962,400,050A00.JPG,0,1855.854513304592
963,632,024A00.JPG,0,1912.259509993064
964,451,080A01.JPG,1,1619.3647929962515
965,855,011A02.JPG,2,1935.7783625917568
966,939,078A00.JPG,0,1606.2768862706812
967,29,071A00.JPG,0,1698.6401862677972
968,132,026A00.JPG,0,1739.434028441502
969,870,039A19.JPG,19,1667.2491602210039
970,865,046A01.JPG,1,1513.9343886149304
971,860,070A01.JPG,1,1934.019722575104
972,319,046A00.JPG,0,1684.3998808310225
973,91,014A03.JPG,3,1691.6740909949224
974,710,008A03.JPG,3,1741.6582025220637
975,703,037A00.JPG,0,1549.1991326073194
976,712,013A00.JPG,0,1929.81871398405
977,553,029A01.JPG,1,1654.7676203795222
978,157,080A00.JPG,0,1790.785631714826
979,63,035A00.JPG,0,1832.3107293839969
980,551,069A00.JPG,0,1933.718591846165
981,131,025A00.JPG,0,1561.0356261791771
982,540,064A01.JPG,1,1705.7166687074196
983,326,070A00.JPG,0,1755.7818231046622
984,612,048A00.JPG,0,1577.5570080398488
985,476,035A01.JPG,1,1932.942392314572
986,592,075A00.JPG,0,1758.9460437819623
987,741,076A01.JPG,1,1839.3965142970571
988,588,040A00.JPG,0,1895.5158377493403
989,370,009A00.JPG,0,1703.3016826909525
990,238,053A00.JPG,0,1477.3242679546938
991,613,056A01.JPG,1,1601.4543726888514
992,511,026A04.JPG,4,1913.2839375468839
993,378,019A03.JPG,3,1678.615327750458
994,106,051A00.JPG,0,1608.094289128647
995,4,042A00.JPG,0,1650.682560885352
996,230,077A00.JPG,0,1755.9581229690466
997,410,015A00.JPG,0,1566.328851780481
998,856,079A00.JPG,0,1704.7607040036285
999,762,066A00.JPG,0,1897.718692530964
1000,98,082A00.JPG,0,1530.392872565442
1001,143,038A00.JPG,0,1680.477466865162
1002,826,077A01.JPG,1,1718.8551099630158
